_time,PressurisationSeconds
2022-10-13T00:03:27.204Z,1304
2022-10-13T00:25:22.022Z,1400
2022-10-13T00:47:14.602Z,1208
2022-10-13T01:08:57.401Z,1214
2022-10-13T01:30:46.32Z,1347
2022-10-13T01:52:32.158Z,1294
2022-10-13T02:14:07.338Z,1354
2022-10-13T02:35:38.558Z,1331
2022-10-13T02:57:06.217Z,1286
2022-10-13T03:18:29.356Z,1268
2022-10-13T03:39:49.255Z,1274
2022-10-13T04:00:51.115Z,1225
2022-10-13T04:21:46.974Z,1337
2022-10-13T04:42:45.973Z,1263
2022-10-13T05:03:31.692Z,1284
2022-10-13T05:24:19.391Z,1224
2022-10-13T05:45:19.311Z,1225
2022-10-13T06:06:14.09Z,1147
2022-10-13T06:27:13.829Z,1251
2022-10-13T06:48:07.749Z,1204
2022-10-13T11:20:26.991876Z,0
2022-10-13T14:23:45.100552Z,0
2022-10-13T14:38:15.381653Z,0
